id,metric,value,unit,precision,scope,channel,basis,as_of,source_name,source_url,note
mario-kart-world,units_sold,15390000,本,exact,world,all,official,2026-06-30,任天堂 IR（ミリオンセラータイトル一覧）,https://www.nintendo.co.jp/ir/finance/software/index.html,IR の一覧は万本単位
donkey-kong-bananza,units_sold,4780000,本,exact,world,all,official,2026-06-30,任天堂 IR（ミリオンセラータイトル一覧）,https://www.nintendo.co.jp/ir/finance/software/index.html,
pokemon-legends-za-sw2,units_sold,3990000,本,exact,world,all,official,2026-06-30,任天堂 IR（ミリオンセラータイトル一覧）,https://www.nintendo.co.jp/ir/finance/software/index.html,Nintendo Switch 2 Edition のみ
pokopia,units_sold,3680000,本,exact,world,all,official,2026-06-30,任天堂 IR（ミリオンセラータイトル一覧）,https://www.nintendo.co.jp/ir/finance/software/index.html,
kirby-air-riders,units_sold,1900000,本,exact,world,all,official,2026-06-30,任天堂 IR（ミリオンセラータイトル一覧）,https://www.nintendo.co.jp/ir/finance/software/index.html,
mario-party-jamboree-sw2,units_sold,1150000,本,exact,world,all,official,2026-06-30,任天堂 IR（ミリオンセラータイトル一覧）,https://www.nintendo.co.jp/ir/finance/software/index.html,
mario-kart-world,units_sold,3000000,本,at_least,japan,package,press,2026-07-26,ファミ通（週間販売数 7/20〜7/26）,https://www.famitsu.com/article/202607/82960,国内累計300万本突破。パッケージ＋DL カード＋本体同梱
tomodachi-life-wakuwaku,units_sold,1500000,本,at_least,japan,package,press,2026-07-26,ファミ通（週間販売数 7/20〜7/26）,https://www.famitsu.com/article/202607/82960,国内累計150万本突破。パッケージ＋DL カード＋本体同梱
monster-hunter-wilds,units_sold,11800000,本,exact,world,all,official,2026-06-30,カプコン IR（ミリオンセールスタイトル）,https://www.capcom.co.jp/ir/finance/million.html,IR の一覧は万本単位
resident-evil-requiem,units_sold,8000000,本,exact,world,all,official,2026-06-30,カプコン IR（ミリオンセールスタイトル）,https://www.capcom.co.jp/ir/finance/million.html,発売から約4か月
pragmata,units_sold,2500000,本,exact,world,all,official,2026-06-30,カプコン IR（ミリオンセールスタイトル）,https://www.capcom.co.jp/ir/finance/million.html,発売から約2か月半
elden-ring,units_shipped,30000000,本,at_least,world,all,official,2025-04-29,フロム・ソフトウェアの発表（GameBusiness.jp）,https://www.gamebusiness.jp/article/2025/04/29/24177.html,世界累計出荷3,000万本突破
elden-ring-nightreign,units_shipped,2000000,本,at_least,world,all,official,2025-05-30,バンダイナムコエンターテインメント（PR TIMES）,https://prtimes.jp/main/html/rd/p/000001716.000051316.html,発売初日
elden-ring-nightreign,units_shipped,5000000,本,at_least,world,all,official,2025-07-24,KADOKAWA ニュースリリース,https://group.kadokawa.co.jp/information/news_release/2025072401.html,
palworld,players,25000000,人,at_least,world,all,official,2024-02-26,ポケットペアの発表（4Gamer）,https://www.4gamer.net/games/574/G057444/20240226015/,Steam 約1,500万本＋Xbox 約1,000万人。Game Pass を含む
palworld,players,40000000,人,at_least,world,all,official,2026-07-08,ポケットペアの発表（gamebiz）,https://gamebiz.jp/news/429094,1.0 正式版（2026-07-10）の直前
exit-8,units_sold,1000000,本,at_least,world,all,official,2024-08-08,KOTAKE CREATE の発表（AUTOMATON）,https://automaton-media.com/articles/newsjp/theexit8-20240808-305003/,Steam＋Switch
exit-8,units_sold,2000000,本,at_least,world,all,official,2025-08-29,KOTAKE CREATE の発表（Game*Spark）,https://www.gamespark.jp/article/2025/08/29/156615.html,映画公開（8/29）の直前
exit-8,units_sold,3000000,本,at_least,world,all,official,2026-09-07,KOTAKE CREATE の発表（GAME Watch）,https://game.watch.impress.co.jp/docs/news/2138816.html,
dq3-hd2d,units_shipped_dl,2000000,本,at_least,world,all,official,2024-12-06,スクウェア・エニックスの発表（電ファミニコゲーマー）,https://news.denfaminicogamer.jp/news/241206n,発売から約3週間
splatoon-raiders,units_sold,474684,本,exact,japan,package,press,2026-07-26,ファミ通（週間販売数 7/20〜7/26）,https://www.famitsu.com/article/202607/82960,初週（7/23 発売）。パッケージ＋DL カード＋本体同梱
monster-hunter-wilds,reviews,331560,件,exact,world,steam,official,2026-09-26,Steam（ユーザーレビュー数）,https://store.steampowered.com/appreviews/2246340?json=1&language=all&purchase_type=all&num_per_page=0&filter=all,好評163964・不評167596。全言語・全購入区分。appid 2246340
resident-evil-requiem,reviews,185268,件,exact,world,steam,official,2026-09-26,Steam（ユーザーレビュー数）,https://store.steampowered.com/appreviews/3764200?json=1&language=all&purchase_type=all&num_per_page=0&filter=all,好評177742・不評7526。全言語・全購入区分。appid 3764200
pragmata,reviews,53576,件,exact,world,steam,official,2026-09-26,Steam（ユーザーレビュー数）,https://store.steampowered.com/appreviews/3357650?json=1&language=all&purchase_type=all&num_per_page=0&filter=all,好評51716・不評1860。全言語・全購入区分。appid 3357650
elden-ring,reviews,1156398,件,exact,world,steam,official,2026-09-26,Steam（ユーザーレビュー数）,https://store.steampowered.com/appreviews/1245620?json=1&language=all&purchase_type=all&num_per_page=0&filter=all,好評1075954・不評80444。全言語・全購入区分。appid 1245620
elden-ring-nightreign,reviews,191551,件,exact,world,steam,official,2026-09-26,Steam（ユーザーレビュー数）,https://store.steampowered.com/appreviews/2622380?json=1&language=all&purchase_type=all&num_per_page=0&filter=all,好評156529・不評35022。全言語・全購入区分。appid 2622380
palworld,reviews,489887,件,exact,world,steam,official,2026-09-26,Steam（ユーザーレビュー数）,https://store.steampowered.com/appreviews/1623730?json=1&language=all&purchase_type=all&num_per_page=0&filter=all,好評463325・不評26562。全言語・全購入区分。appid 1623730
exit-8,reviews,11632,件,exact,world,steam,official,2026-09-26,Steam（ユーザーレビュー数）,https://store.steampowered.com/appreviews/2653790?json=1&language=all&purchase_type=all&num_per_page=0&filter=all,好評10817・不評815。全言語・全購入区分。appid 2653790
dq3-hd2d,reviews,5015,件,exact,world,steam,official,2026-09-26,Steam（ユーザーレビュー数）,https://store.steampowered.com/appreviews/2701660?json=1&language=all&purchase_type=all&num_per_page=0&filter=all,好評3889・不評1126。全言語・全購入区分。appid 2701660
onimusha-way-of-the-sword,units_sold,1000000,本,at_least,world,all,official,2026-09-07,カプコンの発表（4Gamer）,https://www.4gamer.net/games/865/G086595/20260907031/,全世界販売本数が発売初日（9/4）に100万本突破
rhythm-heaven-miracle-stars,units_sold,1000045,本,exact,japan,package,press,2026-09-13,ファミ通（週間販売数 9/7〜9/13）,https://www.famitsu.com/article/202609/88346,国内累計100万本突破。パッケージ＋DL カード＋本体同梱
splatoon-raiders,units_sold,656692,本,exact,japan,package,press,2026-09-13,ファミ通（週間販売数 9/7〜9/13）,https://www.famitsu.com/article/202609/88346,国内累計。パッケージ＋DL カード＋本体同梱
monster-hunter-wilds,reviews,331604,件,exact,world,steam,official,2026-09-27,Steam（ユーザーレビュー数）,https://store.steampowered.com/appreviews/2246340?json=1&language=all&purchase_type=all&num_per_page=0&filter=all,好評164006・不評167598。全言語・全購入区分。appid 2246340
resident-evil-requiem,reviews,185300,件,exact,world,steam,official,2026-09-27,Steam（ユーザーレビュー数）,https://store.steampowered.com/appreviews/3764200?json=1&language=all&purchase_type=all&num_per_page=0&filter=all,好評177772・不評7528。全言語・全購入区分。appid 3764200
pragmata,reviews,53606,件,exact,world,steam,official,2026-09-27,Steam（ユーザーレビュー数）,https://store.steampowered.com/appreviews/3357650?json=1&language=all&purchase_type=all&num_per_page=0&filter=all,好評51743・不評1863。全言語・全購入区分。appid 3357650
elden-ring,reviews,1156460,件,exact,world,steam,official,2026-09-27,Steam（ユーザーレビュー数）,https://store.steampowered.com/appreviews/1245620?json=1&language=all&purchase_type=all&num_per_page=0&filter=all,好評1076016・不評80444。全言語・全購入区分。appid 1245620
elden-ring-nightreign,reviews,191580,件,exact,world,steam,official,2026-09-27,Steam（ユーザーレビュー数）,https://store.steampowered.com/appreviews/2622380?json=1&language=all&purchase_type=all&num_per_page=0&filter=all,好評156545・不評35035。全言語・全購入区分。appid 2622380
palworld,reviews,489982,件,exact,world,steam,official,2026-09-27,Steam（ユーザーレビュー数）,https://store.steampowered.com/appreviews/1623730?json=1&language=all&purchase_type=all&num_per_page=0&filter=all,好評463411・不評26571。全言語・全購入区分。appid 1623730
exit-8,reviews,11635,件,exact,world,steam,official,2026-09-27,Steam（ユーザーレビュー数）,https://store.steampowered.com/appreviews/2653790?json=1&language=all&purchase_type=all&num_per_page=0&filter=all,好評10818・不評817。全言語・全購入区分。appid 2653790
dq3-hd2d,reviews,5015,件,exact,world,steam,official,2026-09-27,Steam（ユーザーレビュー数）,https://store.steampowered.com/appreviews/2701660?json=1&language=all&purchase_type=all&num_per_page=0&filter=all,好評3889・不評1126。全言語・全購入区分。appid 2701660
onimusha-way-of-the-sword,reviews,24851,件,exact,world,steam,official,2026-09-27,Steam（ユーザーレビュー数）,https://store.steampowered.com/appreviews/2638890?json=1&language=all&purchase_type=all&num_per_page=0&filter=all,好評22500・不評2351。全言語・全購入区分。appid 2638890
mario-kart-world,units_sold,2668381,本,exact,japan,package,press,2025-12-28,ファミ通（2025年 国内家庭用ゲーム市場 年間ランキング・2026-01-19）,https://www.famitsu.com/article/202601/63539,年間ランキング 1位（Switch 2）。2025年年間（2024/12/30〜2025/12/28）・パッケージ＋DLカード＋本体同梱。DL販売は除く
pokemon-legends-za,units_sold,1529823,本,exact,japan,package,press,2025-12-28,ファミ通（2025年 国内家庭用ゲーム市場 年間ランキング・2026-01-19）,https://www.famitsu.com/article/202601/63539,年間ランキング 2位（Switch）。2025年年間（2024/12/30〜2025/12/28）・パッケージ＋DLカード＋本体同梱。DL販売は除く
pokemon-legends-za-sw2,units_sold,1004154,本,exact,japan,package,press,2025-12-28,ファミ通（2025年 国内家庭用ゲーム市場 年間ランキング・2026-01-19）,https://www.famitsu.com/article/202601/63539,年間ランキング 3位（Switch 2）。2025年年間（2024/12/30〜2025/12/28）・パッケージ＋DLカード＋本体同梱。DL販売は除く
monster-hunter-wilds,units_sold,838319,本,exact,japan,package,press,2025-12-28,ファミ通（2025年 国内家庭用ゲーム市場 年間ランキング・2026-01-19）,https://www.famitsu.com/article/202601/63539,年間ランキング 4位（PS5）。2025年年間（2024/12/30〜2025/12/28）・パッケージ＋DLカード＋本体同梱。DL販売は除く
super-mario-party-jamboree,units_sold,498397,本,exact,japan,package,press,2025-12-28,ファミ通（2025年 国内家庭用ゲーム市場 年間ランキング・2026-01-19）,https://www.famitsu.com/article/202601/63539,年間ランキング 5位（Switch）。2025年年間（2024/12/30〜2025/12/28）・パッケージ＋DLカード＋本体同梱。DL販売は除く
donkey-kong-bananza,units_sold,435206,本,exact,japan,package,press,2025-12-28,ファミ通（2025年 国内家庭用ゲーム市場 年間ランキング・2026-01-19）,https://www.famitsu.com/article/202601/63539,年間ランキング 6位（Switch 2）。2025年年間（2024/12/30〜2025/12/28）・パッケージ＋DLカード＋本体同梱。DL販売は除く
kirby-air-riders,units_sold,424837,本,exact,japan,package,press,2025-12-28,ファミ通（2025年 国内家庭用ゲーム市場 年間ランキング・2026-01-19）,https://www.famitsu.com/article/202601/63539,年間ランキング 7位（Switch 2）。2025年年間（2024/12/30〜2025/12/28）・パッケージ＋DLカード＋本体同梱。DL販売は除く
minecraft,units_sold,346606,本,exact,japan,package,press,2025-12-28,ファミ通（2025年 国内家庭用ゲーム市場 年間ランキング・2026-01-19）,https://www.famitsu.com/article/202601/63539,年間ランキング 8位（Switch）。2025年年間（2024/12/30〜2025/12/28）・パッケージ＋DLカード＋本体同梱。DL販売は除く
mario-kart-8-deluxe,units_sold,342866,本,exact,japan,package,press,2025-12-28,ファミ通（2025年 国内家庭用ゲーム市場 年間ランキング・2026-01-19）,https://www.famitsu.com/article/202601/63539,年間ランキング 9位（Switch）。2025年年間（2024/12/30〜2025/12/28）・パッケージ＋DLカード＋本体同梱。DL販売は除く
dq1-2-hd2d,units_sold,316439,本,exact,japan,package,press,2025-12-28,ファミ通（2025年 国内家庭用ゲーム市場 年間ランキング・2026-01-19）,https://www.famitsu.com/article/202601/63539,年間ランキング 10位（Switch）。2025年年間（2024/12/30〜2025/12/28）・パッケージ＋DLカード＋本体同梱。DL販売は除く
arc-raiders,reviews,417088,件,exact,world,steam,official,2026-09-27,Steam（ユーザーレビュー数）,https://store.steampowered.com/appreviews/1808500?json=1&language=all&purchase_type=all&num_per_page=0&filter=all,好評341070・不評76018。全言語・全購入区分。appid 1808500
schedule-i,reviews,317359,件,exact,world,steam,official,2026-09-27,Steam（ユーザーレビュー数）,https://store.steampowered.com/appreviews/3164500?json=1&language=all&purchase_type=all&num_per_page=0&filter=all,好評310333・不評7026。全言語・全購入区分。appid 3164500
dota-2,reviews,2786547,件,exact,world,steam,official,2026-09-27,Steam（ユーザーレビュー数）,https://store.steampowered.com/appreviews/570?json=1&language=all&purchase_type=all&num_per_page=0&filter=all,好評2242266・不評544281。全言語・全購入区分。appid 570
marvel-rivals,reviews,418927,件,exact,world,steam,official,2026-09-27,Steam（ユーザーレビュー数）,https://store.steampowered.com/appreviews/2767030?json=1&language=all&purchase_type=all&num_per_page=0&filter=all,好評316018・不評102909。全言語・全購入区分。appid 2767030
repo,reviews,425713,件,exact,world,steam,official,2026-09-27,Steam（ユーザーレビュー数）,https://store.steampowered.com/appreviews/3241660?json=1&language=all&purchase_type=all&num_per_page=0&filter=all,好評408690・不評17023。全言語・全購入区分。appid 3241660
battlefield-6,reviews,369806,件,exact,world,steam,official,2026-09-27,Steam（ユーザーレビュー数）,https://store.steampowered.com/appreviews/2807960?json=1&language=all&purchase_type=all&num_per_page=0&filter=all,好評235829・不評133977。全言語・全購入区分。appid 2807960
call-of-duty,reviews,782355,件,exact,world,steam,official,2026-09-27,Steam（ユーザーレビュー数）,https://store.steampowered.com/appreviews/1938090?json=1&language=all&purchase_type=all&num_per_page=0&filter=all,好評458070・不評324285。全言語・全購入区分。appid 1938090
apex-legends,reviews,1070720,件,exact,world,steam,official,2026-09-27,Steam（ユーザーレビュー数）,https://store.steampowered.com/appreviews/1172470?json=1&language=all&purchase_type=all&num_per_page=0&filter=all,好評725738・不評344982。全言語・全購入区分。appid 1172470
pubg,reviews,2782091,件,exact,world,steam,official,2026-09-27,Steam（ユーザーレビュー数）,https://store.steampowered.com/appreviews/578080?json=1&language=all&purchase_type=all&num_per_page=0&filter=all,好評1667458・不評1114633。全言語・全購入区分。appid 578080
borderlands-4,reviews,86396,件,exact,world,steam,official,2026-09-27,Steam（ユーザーレビュー数）,https://store.steampowered.com/appreviews/1285190?json=1&language=all&purchase_type=all&num_per_page=0&filter=all,好評49756・不評36640。全言語・全購入区分。appid 1285190
counter-strike-2,reviews,9885083,件,exact,world,steam,official,2026-09-27,Steam（ユーザーレビュー数）,https://store.steampowered.com/appreviews/730?json=1&language=all&purchase_type=all&num_per_page=0&filter=all,好評8485439・不評1399644。全言語・全購入区分。appid 730
dune-awakening,reviews,79384,件,exact,world,steam,official,2026-09-27,Steam（ユーザーレビュー数）,https://store.steampowered.com/appreviews/1172710?json=1&language=all&purchase_type=all&num_per_page=0&filter=all,好評56526・不評22858。全言語・全購入区分。appid 1172710
ea-sports-fc-26,reviews,107992,件,exact,world,steam,official,2026-09-27,Steam（ユーザーレビュー数）,https://store.steampowered.com/appreviews/3405690?json=1&language=all&purchase_type=all&num_per_page=0&filter=all,好評54903・不評53089。全言語・全購入区分。appid 3405690
oblivion-remastered,reviews,70381,件,exact,world,steam,official,2026-09-27,Steam（ユーザーレビュー数）,https://store.steampowered.com/appreviews/2623190?json=1&language=all&purchase_type=all&num_per_page=0&filter=all,好評52963・不評17418。全言語・全購入区分。appid 2623190
kingdom-come-deliverance-ii,reviews,196431,件,exact,world,steam,official,2026-09-27,Steam（ユーザーレビュー数）,https://store.steampowered.com/appreviews/1771300?json=1&language=all&purchase_type=all&num_per_page=0&filter=all,好評184491・不評11940。全言語・全購入区分。appid 1771300
hollow-knight-silksong,reviews,423730,件,exact,world,steam,official,2026-09-27,Steam（ユーザーレビュー数）,https://store.steampowered.com/appreviews/1030300?json=1&language=all&purchase_type=all&num_per_page=0&filter=all,好評379203・不評44527。全言語・全購入区分。appid 1030300
civilization-vii,reviews,62268,件,exact,world,steam,official,2026-09-27,Steam（ユーザーレビュー数）,https://store.steampowered.com/appreviews/1295660?json=1&language=all&purchase_type=all&num_per_page=0&filter=all,好評29510・不評32758。全言語・全購入区分。appid 1295660
efootball,reviews,118380,件,exact,world,steam,official,2026-09-27,Steam（ユーザーレビュー数）,https://store.steampowered.com/appreviews/1665460?json=1&language=all&purchase_type=all&num_per_page=0&filter=all,好評61405・不評56975。全言語・全購入区分。appid 1665460
monster-hunter-wilds,reviews,332531,件,exact,world,steam,official,2026-10-06,Steam（ユーザーレビュー数）,https://store.steampowered.com/appreviews/2246340?json=1&language=all&purchase_type=all&num_per_page=0&filter=all,好評164895・不評167636。全言語・全購入区分。appid 2246340
resident-evil-requiem,reviews,186238,件,exact,world,steam,official,2026-10-06,Steam（ユーザーレビュー数）,https://store.steampowered.com/appreviews/3764200?json=1&language=all&purchase_type=all&num_per_page=0&filter=all,好評178647・不評7591。全言語・全購入区分。appid 3764200
pragmata,reviews,54131,件,exact,world,steam,official,2026-10-06,Steam（ユーザーレビュー数）,https://store.steampowered.com/appreviews/3357650?json=1&language=all&purchase_type=all&num_per_page=0&filter=all,好評52242・不評1889。全言語・全購入区分。appid 3357650
elden-ring,reviews,1157669,件,exact,world,steam,official,2026-10-06,Steam（ユーザーレビュー数）,https://store.steampowered.com/appreviews/1245620?json=1&language=all&purchase_type=all&num_per_page=0&filter=all,好評1077160・不評80509。全言語・全購入区分。appid 1245620
elden-ring-nightreign,reviews,191970,件,exact,world,steam,official,2026-10-06,Steam（ユーザーレビュー数）,https://store.steampowered.com/appreviews/2622380?json=1&language=all&purchase_type=all&num_per_page=0&filter=all,好評156861・不評35109。全言語・全購入区分。appid 2622380
palworld,reviews,491337,件,exact,world,steam,official,2026-10-06,Steam（ユーザーレビュー数）,https://store.steampowered.com/appreviews/1623730?json=1&language=all&purchase_type=all&num_per_page=0&filter=all,好評464740・不評26597。全言語・全購入区分。appid 1623730
exit-8,reviews,11684,件,exact,world,steam,official,2026-10-06,Steam（ユーザーレビュー数）,https://store.steampowered.com/appreviews/2653790?json=1&language=all&purchase_type=all&num_per_page=0&filter=all,好評10865・不評819。全言語・全購入区分。appid 2653790
dq3-hd2d,reviews,5025,件,exact,world,steam,official,2026-10-06,Steam（ユーザーレビュー数）,https://store.steampowered.com/appreviews/2701660?json=1&language=all&purchase_type=all&num_per_page=0&filter=all,好評3895・不評1130。全言語・全購入区分。appid 2701660
onimusha-way-of-the-sword,reviews,27611,件,exact,world,steam,official,2026-10-06,Steam（ユーザーレビュー数）,https://store.steampowered.com/appreviews/2638890?json=1&language=all&purchase_type=all&num_per_page=0&filter=all,好評25087・不評2524。全言語・全購入区分。appid 2638890
arc-raiders,reviews,418071,件,exact,world,steam,official,2026-10-06,Steam（ユーザーレビュー数）,https://store.steampowered.com/appreviews/1808500?json=1&language=all&purchase_type=all&num_per_page=0&filter=all,好評341677・不評76394。全言語・全購入区分。appid 1808500
schedule-i,reviews,318451,件,exact,world,steam,official,2026-10-06,Steam（ユーザーレビュー数）,https://store.steampowered.com/appreviews/3164500?json=1&language=all&purchase_type=all&num_per_page=0&filter=all,好評311392・不評7059。全言語・全購入区分。appid 3164500
dota-2,reviews,2791423,件,exact,world,steam,official,2026-10-06,Steam（ユーザーレビュー数）,https://store.steampowered.com/appreviews/570?json=1&language=all&purchase_type=all&num_per_page=0&filter=all,好評2245836・不評545587。全言語・全購入区分。appid 570
marvel-rivals,reviews,420443,件,exact,world,steam,official,2026-10-06,Steam（ユーザーレビュー数）,https://store.steampowered.com/appreviews/2767030?json=1&language=all&purchase_type=all&num_per_page=0&filter=all,好評316733・不評103710。全言語・全購入区分。appid 2767030
repo,reviews,427159,件,exact,world,steam,official,2026-10-06,Steam（ユーザーレビュー数）,https://store.steampowered.com/appreviews/3241660?json=1&language=all&purchase_type=all&num_per_page=0&filter=all,好評410056・不評17103。全言語・全購入区分。appid 3241660
battlefield-6,reviews,371114,件,exact,world,steam,official,2026-10-06,Steam（ユーザーレビュー数）,https://store.steampowered.com/appreviews/2807960?json=1&language=all&purchase_type=all&num_per_page=0&filter=all,好評236404・不評134710。全言語・全購入区分。appid 2807960
call-of-duty,reviews,782873,件,exact,world,steam,official,2026-10-06,Steam（ユーザーレビュー数）,https://store.steampowered.com/appreviews/1938090?json=1&language=all&purchase_type=all&num_per_page=0&filter=all,好評458431・不評324442。全言語・全購入区分。appid 1938090
apex-legends,reviews,1072137,件,exact,world,steam,official,2026-10-06,Steam（ユーザーレビュー数）,https://store.steampowered.com/appreviews/1172470?json=1&language=all&purchase_type=all&num_per_page=0&filter=all,好評726749・不評345388。全言語・全購入区分。appid 1172470
pubg,reviews,2785788,件,exact,world,steam,official,2026-10-06,Steam（ユーザーレビュー数）,https://store.steampowered.com/appreviews/578080?json=1&language=all&purchase_type=all&num_per_page=0&filter=all,好評1668886・不評1116902。全言語・全購入区分。appid 578080
borderlands-4,reviews,86770,件,exact,world,steam,official,2026-10-06,Steam（ユーザーレビュー数）,https://store.steampowered.com/appreviews/1285190?json=1&language=all&purchase_type=all&num_per_page=0&filter=all,好評49958・不評36812。全言語・全購入区分。appid 1285190
counter-strike-2,reviews,9903695,件,exact,world,steam,official,2026-10-06,Steam（ユーザーレビュー数）,https://store.steampowered.com/appreviews/730?json=1&language=all&purchase_type=all&num_per_page=0&filter=all,好評8499316・不評1404379。全言語・全購入区分。appid 730
dune-awakening,reviews,80038,件,exact,world,steam,official,2026-10-06,Steam（ユーザーレビュー数）,https://store.steampowered.com/appreviews/1172710?json=1&language=all&purchase_type=all&num_per_page=0&filter=all,好評57115・不評22923。全言語・全購入区分。appid 1172710
ea-sports-fc-26,reviews,108768,件,exact,world,steam,official,2026-10-06,Steam（ユーザーレビュー数）,https://store.steampowered.com/appreviews/3405690?json=1&language=all&purchase_type=all&num_per_page=0&filter=all,好評55396・不評53372。全言語・全購入区分。appid 3405690
oblivion-remastered,reviews,70500,件,exact,world,steam,official,2026-10-06,Steam（ユーザーレビュー数）,https://store.steampowered.com/appreviews/2623190?json=1&language=all&purchase_type=all&num_per_page=0&filter=all,好評53016・不評17484。全言語・全購入区分。appid 2623190
kingdom-come-deliverance-ii,reviews,197429,件,exact,world,steam,official,2026-10-06,Steam（ユーザーレビュー数）,https://store.steampowered.com/appreviews/1771300?json=1&language=all&purchase_type=all&num_per_page=0&filter=all,好評185384・不評12045。全言語・全購入区分。appid 1771300
hollow-knight-silksong,reviews,424629,件,exact,world,steam,official,2026-10-06,Steam（ユーザーレビュー数）,https://store.steampowered.com/appreviews/1030300?json=1&language=all&purchase_type=all&num_per_page=0&filter=all,好評380071・不評44558。全言語・全購入区分。appid 1030300
civilization-vii,reviews,62473,件,exact,world,steam,official,2026-10-06,Steam（ユーザーレビュー数）,https://store.steampowered.com/appreviews/1295660?json=1&language=all&purchase_type=all&num_per_page=0&filter=all,好評29616・不評32857。全言語・全購入区分。appid 1295660
efootball,reviews,118810,件,exact,world,steam,official,2026-10-06,Steam（ユーザーレビュー数）,https://store.steampowered.com/appreviews/1665460?json=1&language=all&purchase_type=all&num_per_page=0&filter=all,好評61676・不評57134。全言語・全購入区分。appid 1665460
