list_id,list_name,market,metric,period_end,rank,title_id,value,unit,basis,source_name,source_url,note
famitsu-annual-jp-2025,ファミ通 年間ソフト販売本数ランキング 2025,japan-console,units_sold_package,2025-12-28,1,mario-kart-world,2668381,本,press,ファミ通（2025年 国内家庭用ゲーム市場 年間ランキング・2026-01-19）,https://www.famitsu.com/article/202601/63539,機種 Switch 2。パッケージ＋DLカード＋本体同梱・DL販売は除く。集計 2024/12/30〜2025/12/28
famitsu-annual-jp-2025,ファミ通 年間ソフト販売本数ランキング 2025,japan-console,units_sold_package,2025-12-28,2,pokemon-legends-za,1529823,本,press,ファミ通（2025年 国内家庭用ゲーム市場 年間ランキング・2026-01-19）,https://www.famitsu.com/article/202601/63539,機種 Switch。パッケージ＋DLカード＋本体同梱・DL販売は除く。集計 2024/12/30〜2025/12/28
famitsu-annual-jp-2025,ファミ通 年間ソフト販売本数ランキング 2025,japan-console,units_sold_package,2025-12-28,3,pokemon-legends-za-sw2,1004154,本,press,ファミ通（2025年 国内家庭用ゲーム市場 年間ランキング・2026-01-19）,https://www.famitsu.com/article/202601/63539,機種 Switch 2。パッケージ＋DLカード＋本体同梱・DL販売は除く。集計 2024/12/30〜2025/12/28
famitsu-annual-jp-2025,ファミ通 年間ソフト販売本数ランキング 2025,japan-console,units_sold_package,2025-12-28,4,monster-hunter-wilds,838319,本,press,ファミ通（2025年 国内家庭用ゲーム市場 年間ランキング・2026-01-19）,https://www.famitsu.com/article/202601/63539,機種 PS5。パッケージ＋DLカード＋本体同梱・DL販売は除く。集計 2024/12/30〜2025/12/28
famitsu-annual-jp-2025,ファミ通 年間ソフト販売本数ランキング 2025,japan-console,units_sold_package,2025-12-28,5,super-mario-party-jamboree,498397,本,press,ファミ通（2025年 国内家庭用ゲーム市場 年間ランキング・2026-01-19）,https://www.famitsu.com/article/202601/63539,機種 Switch。パッケージ＋DLカード＋本体同梱・DL販売は除く。集計 2024/12/30〜2025/12/28
famitsu-annual-jp-2025,ファミ通 年間ソフト販売本数ランキング 2025,japan-console,units_sold_package,2025-12-28,6,donkey-kong-bananza,435206,本,press,ファミ通（2025年 国内家庭用ゲーム市場 年間ランキング・2026-01-19）,https://www.famitsu.com/article/202601/63539,機種 Switch 2。パッケージ＋DLカード＋本体同梱・DL販売は除く。集計 2024/12/30〜2025/12/28
famitsu-annual-jp-2025,ファミ通 年間ソフト販売本数ランキング 2025,japan-console,units_sold_package,2025-12-28,7,kirby-air-riders,424837,本,press,ファミ通（2025年 国内家庭用ゲーム市場 年間ランキング・2026-01-19）,https://www.famitsu.com/article/202601/63539,機種 Switch 2。パッケージ＋DLカード＋本体同梱・DL販売は除く。集計 2024/12/30〜2025/12/28
famitsu-annual-jp-2025,ファミ通 年間ソフト販売本数ランキング 2025,japan-console,units_sold_package,2025-12-28,8,minecraft,346606,本,press,ファミ通（2025年 国内家庭用ゲーム市場 年間ランキング・2026-01-19）,https://www.famitsu.com/article/202601/63539,機種 Switch。パッケージ＋DLカード＋本体同梱・DL販売は除く。集計 2024/12/30〜2025/12/28
famitsu-annual-jp-2025,ファミ通 年間ソフト販売本数ランキング 2025,japan-console,units_sold_package,2025-12-28,9,mario-kart-8-deluxe,342866,本,press,ファミ通（2025年 国内家庭用ゲーム市場 年間ランキング・2026-01-19）,https://www.famitsu.com/article/202601/63539,機種 Switch。パッケージ＋DLカード＋本体同梱・DL販売は除く。集計 2024/12/30〜2025/12/28
famitsu-annual-jp-2025,ファミ通 年間ソフト販売本数ランキング 2025,japan-console,units_sold_package,2025-12-28,10,dq1-2-hd2d,316439,本,press,ファミ通（2025年 国内家庭用ゲーム市場 年間ランキング・2026-01-19）,https://www.famitsu.com/article/202601/63539,機種 Switch。パッケージ＋DLカード＋本体同梱・DL販売は除く。集計 2024/12/30〜2025/12/28
steam-best-of-2025-top-sellers,Steam 2025年の年間ベスト トップセラー（プラチナ）,world-pc,gross_revenue_tier,2025-12-31,1,arc-raiders,,,official,Steam「2025年の年間ベスト」（Valve）。掲載順の確認は AUTOMATON 2025-12-30 と doope.jp 2025-12-30,https://store.steampowered.com/charts/bestofyear/2025,プラチナ帯（2025年の総収益の上位12・発売年を問わない）。帯の中は順不同。12月1日時点の集計で、最終版は2026-01-01 に更新
steam-best-of-2025-top-sellers,Steam 2025年の年間ベスト トップセラー（プラチナ）,world-pc,gross_revenue_tier,2025-12-31,2,monster-hunter-wilds,,,official,Steam「2025年の年間ベスト」（Valve）。掲載順の確認は AUTOMATON 2025-12-30 と doope.jp 2025-12-30,https://store.steampowered.com/charts/bestofyear/2025,プラチナ帯（2025年の総収益の上位12・発売年を問わない）。帯の中は順不同。12月1日時点の集計で、最終版は2026-01-01 に更新
steam-best-of-2025-top-sellers,Steam 2025年の年間ベスト トップセラー（プラチナ）,world-pc,gross_revenue_tier,2025-12-31,3,schedule-i,,,official,Steam「2025年の年間ベスト」（Valve）。掲載順の確認は AUTOMATON 2025-12-30 と doope.jp 2025-12-30,https://store.steampowered.com/charts/bestofyear/2025,プラチナ帯（2025年の総収益の上位12・発売年を問わない）。帯の中は順不同。12月1日時点の集計で、最終版は2026-01-01 に更新
steam-best-of-2025-top-sellers,Steam 2025年の年間ベスト トップセラー（プラチナ）,world-pc,gross_revenue_tier,2025-12-31,4,dota-2,,,official,Steam「2025年の年間ベスト」（Valve）。掲載順の確認は AUTOMATON 2025-12-30 と doope.jp 2025-12-30,https://store.steampowered.com/charts/bestofyear/2025,プラチナ帯（2025年の総収益の上位12・発売年を問わない）。帯の中は順不同。12月1日時点の集計で、最終版は2026-01-01 に更新
steam-best-of-2025-top-sellers,Steam 2025年の年間ベスト トップセラー（プラチナ）,world-pc,gross_revenue_tier,2025-12-31,5,marvel-rivals,,,official,Steam「2025年の年間ベスト」（Valve）。掲載順の確認は AUTOMATON 2025-12-30 と doope.jp 2025-12-30,https://store.steampowered.com/charts/bestofyear/2025,プラチナ帯（2025年の総収益の上位12・発売年を問わない）。帯の中は順不同。12月1日時点の集計で、最終版は2026-01-01 に更新
steam-best-of-2025-top-sellers,Steam 2025年の年間ベスト トップセラー（プラチナ）,world-pc,gross_revenue_tier,2025-12-31,6,repo,,,official,Steam「2025年の年間ベスト」（Valve）。掲載順の確認は AUTOMATON 2025-12-30 と doope.jp 2025-12-30,https://store.steampowered.com/charts/bestofyear/2025,プラチナ帯（2025年の総収益の上位12・発売年を問わない）。帯の中は順不同。12月1日時点の集計で、最終版は2026-01-01 に更新
steam-best-of-2025-top-sellers,Steam 2025年の年間ベスト トップセラー（プラチナ）,world-pc,gross_revenue_tier,2025-12-31,7,battlefield-6,,,official,Steam「2025年の年間ベスト」（Valve）。掲載順の確認は AUTOMATON 2025-12-30 と doope.jp 2025-12-30,https://store.steampowered.com/charts/bestofyear/2025,プラチナ帯（2025年の総収益の上位12・発売年を問わない）。帯の中は順不同。12月1日時点の集計で、最終版は2026-01-01 に更新
steam-best-of-2025-top-sellers,Steam 2025年の年間ベスト トップセラー（プラチナ）,world-pc,gross_revenue_tier,2025-12-31,8,call-of-duty,,,official,Steam「2025年の年間ベスト」（Valve）。掲載順の確認は AUTOMATON 2025-12-30 と doope.jp 2025-12-30,https://store.steampowered.com/charts/bestofyear/2025,プラチナ帯（2025年の総収益の上位12・発売年を問わない）。帯の中は順不同。12月1日時点の集計で、最終版は2026-01-01 に更新
steam-best-of-2025-top-sellers,Steam 2025年の年間ベスト トップセラー（プラチナ）,world-pc,gross_revenue_tier,2025-12-31,9,apex-legends,,,official,Steam「2025年の年間ベスト」（Valve）。掲載順の確認は AUTOMATON 2025-12-30 と doope.jp 2025-12-30,https://store.steampowered.com/charts/bestofyear/2025,プラチナ帯（2025年の総収益の上位12・発売年を問わない）。帯の中は順不同。12月1日時点の集計で、最終版は2026-01-01 に更新
steam-best-of-2025-top-sellers,Steam 2025年の年間ベスト トップセラー（プラチナ）,world-pc,gross_revenue_tier,2025-12-31,10,pubg,,,official,Steam「2025年の年間ベスト」（Valve）。掲載順の確認は AUTOMATON 2025-12-30 と doope.jp 2025-12-30,https://store.steampowered.com/charts/bestofyear/2025,プラチナ帯（2025年の総収益の上位12・発売年を問わない）。帯の中は順不同。12月1日時点の集計で、最終版は2026-01-01 に更新
steam-best-of-2025-top-sellers,Steam 2025年の年間ベスト トップセラー（プラチナ）,world-pc,gross_revenue_tier,2025-12-31,11,borderlands-4,,,official,Steam「2025年の年間ベスト」（Valve）。掲載順の確認は AUTOMATON 2025-12-30 と doope.jp 2025-12-30,https://store.steampowered.com/charts/bestofyear/2025,プラチナ帯（2025年の総収益の上位12・発売年を問わない）。帯の中は順不同。12月1日時点の集計で、最終版は2026-01-01 に更新
steam-best-of-2025-top-sellers,Steam 2025年の年間ベスト トップセラー（プラチナ）,world-pc,gross_revenue_tier,2025-12-31,12,counter-strike-2,,,official,Steam「2025年の年間ベスト」（Valve）。掲載順の確認は AUTOMATON 2025-12-30 と doope.jp 2025-12-30,https://store.steampowered.com/charts/bestofyear/2025,プラチナ帯（2025年の総収益の上位12・発売年を問わない）。帯の中は順不同。12月1日時点の集計で、最終版は2026-01-01 に更新
steam-best-of-2025-new-releases,Steam 2025年の年間ベスト 新作（プラチナ）,world-pc,gross_revenue_tier,2025-12-31,1,arc-raiders,,,official,Steam「2025年の年間ベスト」（Valve）。掲載順の確認は doope.jp 2025-12-30 と Game*Spark 2026-01-05,https://store.steampowered.com/charts/bestofyear/2025,プラチナ帯（2025年に発売された作品の総収益の上位12）。帯の中は順不同
steam-best-of-2025-new-releases,Steam 2025年の年間ベスト 新作（プラチナ）,world-pc,gross_revenue_tier,2025-12-31,2,schedule-i,,,official,Steam「2025年の年間ベスト」（Valve）。掲載順の確認は doope.jp 2025-12-30 と Game*Spark 2026-01-05,https://store.steampowered.com/charts/bestofyear/2025,プラチナ帯（2025年に発売された作品の総収益の上位12）。帯の中は順不同
steam-best-of-2025-new-releases,Steam 2025年の年間ベスト 新作（プラチナ）,world-pc,gross_revenue_tier,2025-12-31,3,dune-awakening,,,official,Steam「2025年の年間ベスト」（Valve）。掲載順の確認は doope.jp 2025-12-30 と Game*Spark 2026-01-05,https://store.steampowered.com/charts/bestofyear/2025,プラチナ帯（2025年に発売された作品の総収益の上位12）。帯の中は順不同
steam-best-of-2025-new-releases,Steam 2025年の年間ベスト 新作（プラチナ）,world-pc,gross_revenue_tier,2025-12-31,4,elden-ring-nightreign,,,official,Steam「2025年の年間ベスト」（Valve）。掲載順の確認は doope.jp 2025-12-30 と Game*Spark 2026-01-05,https://store.steampowered.com/charts/bestofyear/2025,プラチナ帯（2025年に発売された作品の総収益の上位12）。帯の中は順不同
steam-best-of-2025-new-releases,Steam 2025年の年間ベスト 新作（プラチナ）,world-pc,gross_revenue_tier,2025-12-31,5,monster-hunter-wilds,,,official,Steam「2025年の年間ベスト」（Valve）。掲載順の確認は doope.jp 2025-12-30 と Game*Spark 2026-01-05,https://store.steampowered.com/charts/bestofyear/2025,プラチナ帯（2025年に発売された作品の総収益の上位12）。帯の中は順不同
steam-best-of-2025-new-releases,Steam 2025年の年間ベスト 新作（プラチナ）,world-pc,gross_revenue_tier,2025-12-31,6,ea-sports-fc-26,,,official,Steam「2025年の年間ベスト」（Valve）。掲載順の確認は doope.jp 2025-12-30 と Game*Spark 2026-01-05,https://store.steampowered.com/charts/bestofyear/2025,プラチナ帯（2025年に発売された作品の総収益の上位12）。帯の中は順不同
steam-best-of-2025-new-releases,Steam 2025年の年間ベスト 新作（プラチナ）,world-pc,gross_revenue_tier,2025-12-31,7,oblivion-remastered,,,official,Steam「2025年の年間ベスト」（Valve）。掲載順の確認は doope.jp 2025-12-30 と Game*Spark 2026-01-05,https://store.steampowered.com/charts/bestofyear/2025,プラチナ帯（2025年に発売された作品の総収益の上位12）。帯の中は順不同
steam-best-of-2025-new-releases,Steam 2025年の年間ベスト 新作（プラチナ）,world-pc,gross_revenue_tier,2025-12-31,8,kingdom-come-deliverance-ii,,,official,Steam「2025年の年間ベスト」（Valve）。掲載順の確認は doope.jp 2025-12-30 と Game*Spark 2026-01-05,https://store.steampowered.com/charts/bestofyear/2025,プラチナ帯（2025年に発売された作品の総収益の上位12）。帯の中は順不同
steam-best-of-2025-new-releases,Steam 2025年の年間ベスト 新作（プラチナ）,world-pc,gross_revenue_tier,2025-12-31,9,hollow-knight-silksong,,,official,Steam「2025年の年間ベスト」（Valve）。掲載順の確認は doope.jp 2025-12-30 と Game*Spark 2026-01-05,https://store.steampowered.com/charts/bestofyear/2025,プラチナ帯（2025年に発売された作品の総収益の上位12）。帯の中は順不同
steam-best-of-2025-new-releases,Steam 2025年の年間ベスト 新作（プラチナ）,world-pc,gross_revenue_tier,2025-12-31,10,civilization-vii,,,official,Steam「2025年の年間ベスト」（Valve）。掲載順の確認は doope.jp 2025-12-30 と Game*Spark 2026-01-05,https://store.steampowered.com/charts/bestofyear/2025,プラチナ帯（2025年に発売された作品の総収益の上位12）。帯の中は順不同
steam-best-of-2025-new-releases,Steam 2025年の年間ベスト 新作（プラチナ）,world-pc,gross_revenue_tier,2025-12-31,11,borderlands-4,,,official,Steam「2025年の年間ベスト」（Valve）。掲載順の確認は doope.jp 2025-12-30 と Game*Spark 2026-01-05,https://store.steampowered.com/charts/bestofyear/2025,プラチナ帯（2025年に発売された作品の総収益の上位12）。帯の中は順不同
steam-best-of-2025-new-releases,Steam 2025年の年間ベスト 新作（プラチナ）,world-pc,gross_revenue_tier,2025-12-31,12,battlefield-6,,,official,Steam「2025年の年間ベスト」（Valve）。掲載順の確認は doope.jp 2025-12-30 と Game*Spark 2026-01-05,https://store.steampowered.com/charts/bestofyear/2025,プラチナ帯（2025年に発売された作品の総収益の上位12）。帯の中は順不同
sensortower-jp-mobile-revenue-2025,Sensor Tower 国内モバイルゲーム 年間収益ランキング 2025,japan-mobile,iap_revenue_rank,2025-12-17,1,last-war-survival,,,estimate,Sensor Tower の推計（4Gamer「スマホゲームのセルラン分析」2025-12-22 の年間収益ランキング）,https://www.4gamer.net/games/266/G026651/20251222013/,App Store＋Google Play のアプリ内課金の推計。金額は非公開。集計 2025-01-01〜12-17
sensortower-jp-mobile-revenue-2025,Sensor Tower 国内モバイルゲーム 年間収益ランキング 2025,japan-mobile,iap_revenue_rank,2025-12-17,2,pokemon-tcg-pocket,,,estimate,Sensor Tower の推計（4Gamer「スマホゲームのセルラン分析」2025-12-22 の年間収益ランキング）,https://www.4gamer.net/games/266/G026651/20251222013/,App Store＋Google Play のアプリ内課金の推計。金額は非公開。集計 2025-01-01〜12-17
sensortower-jp-mobile-revenue-2025,Sensor Tower 国内モバイルゲーム 年間収益ランキング 2025,japan-mobile,iap_revenue_rank,2025-12-17,3,monster-strike,,,estimate,Sensor Tower の推計（4Gamer「スマホゲームのセルラン分析」2025-12-22 の年間収益ランキング）,https://www.4gamer.net/games/266/G026651/20251222013/,App Store＋Google Play のアプリ内課金の推計。金額は非公開。集計 2025-01-01〜12-17
sensortower-jp-mobile-revenue-2025,Sensor Tower 国内モバイルゲーム 年間収益ランキング 2025,japan-mobile,iap_revenue_rank,2025-12-17,4,fate-grand-order,,,estimate,Sensor Tower の推計（4Gamer「スマホゲームのセルラン分析」2025-12-22 の年間収益ランキング）,https://www.4gamer.net/games/266/G026651/20251222013/,App Store＋Google Play のアプリ内課金の推計。金額は非公開。集計 2025-01-01〜12-17
sensortower-jp-mobile-revenue-2025,Sensor Tower 国内モバイルゲーム 年間収益ランキング 2025,japan-mobile,iap_revenue_rank,2025-12-17,5,whiteout-survival,,,estimate,Sensor Tower の推計（4Gamer「スマホゲームのセルラン分析」2025-12-22 の年間収益ランキング）,https://www.4gamer.net/games/266/G026651/20251222013/,App Store＋Google Play のアプリ内課金の推計。金額は非公開。集計 2025-01-01〜12-17
sensortower-jp-mobile-revenue-2025,Sensor Tower 国内モバイルゲーム 年間収益ランキング 2025,japan-mobile,iap_revenue_rank,2025-12-17,6,umamusume,,,estimate,Sensor Tower の推計（4Gamer「スマホゲームのセルラン分析」2025-12-22 の年間収益ランキング）,https://www.4gamer.net/games/266/G026651/20251222013/,App Store＋Google Play のアプリ内課金の推計。金額は非公開。集計 2025-01-01〜12-17
sensortower-jp-mobile-revenue-2025,Sensor Tower 国内モバイルゲーム 年間収益ランキング 2025,japan-mobile,iap_revenue_rank,2025-12-17,7,gundam-ggeneration-eternal,,,estimate,Sensor Tower の推計（4Gamer「スマホゲームのセルラン分析」2025-12-22 の年間収益ランキング）,https://www.4gamer.net/games/266/G026651/20251222013/,App Store＋Google Play のアプリ内課金の推計。金額は非公開。集計 2025-01-01〜12-17
sensortower-jp-mobile-revenue-2025,Sensor Tower 国内モバイルゲーム 年間収益ランキング 2025,japan-mobile,iap_revenue_rank,2025-12-17,8,honkai-star-rail,,,estimate,Sensor Tower の推計（4Gamer「スマホゲームのセルラン分析」2025-12-22 の年間収益ランキング）,https://www.4gamer.net/games/266/G026651/20251222013/,App Store＋Google Play のアプリ内課金の推計。金額は非公開。集計 2025-01-01〜12-17
sensortower-jp-mobile-revenue-2025,Sensor Tower 国内モバイルゲーム 年間収益ランキング 2025,japan-mobile,iap_revenue_rank,2025-12-17,9,efootball,,,estimate,Sensor Tower の推計（4Gamer「スマホゲームのセルラン分析」2025-12-22 の年間収益ランキング）,https://www.4gamer.net/games/266/G026651/20251222013/,App Store＋Google Play のアプリ内課金の推計。金額は非公開。集計 2025-01-01〜12-17
sensortower-jp-mobile-revenue-2025,Sensor Tower 国内モバイルゲーム 年間収益ランキング 2025,japan-mobile,iap_revenue_rank,2025-12-17,10,prospi-a,,,estimate,Sensor Tower の推計（4Gamer「スマホゲームのセルラン分析」2025-12-22 の年間収益ランキング）,https://www.4gamer.net/games/266/G026651/20251222013/,App Store＋Google Play のアプリ内課金の推計。金額は非公開。集計 2025-01-01〜12-17
